id,Title,Author ID
12495064338319,如何订阅 MM Max ?,8633709205775
12494740030223,什么是 MM Max,8633709205775
12123671380623,如何升级或降级订阅方案 - 以信用卡付费,8633709205775
12123558541711,如何升级或降级订阅方案 - 以 PayPal 付费,8633709205775
12123186764431,如何取得 M 平方图片与文章的授权？,8633709205775
12028437285135,如何快速筛选图表中的数据？,8633709205775
12025825120015,「最新值」和「浮水印」是什么功能？,8633709205775
11091555631119,怎么合并我在网站上注册的多个帐号？,8633709205775
11091529908879,如何确认帐号是否合并成功？,8633709205775
11090921175823,没收到合并帐号的验证信该怎么办？,8633709205775
11032383846415,如何汇出图表图片？,8633709205775
10976480287631,取消订阅后，独家报告与图表权益说明,8633709205775
10976258350351,取消订阅后，会员期间收到的报告还能观看吗？,8633709205775
10498747296783,如何切换网站语言？,8633709205775
10115640163855,如果当月的下载额度使用完毕，该如何能够继续下载？,8633709205775
10115250467087,为什么数据无法下载？,8633709205775
10115197612687,重复下载数据会扣除下载额度吗？,8633709205775
10115178718351,如何找到过去下载的数据？,8633709205775
10115045613327,数据下载的档案为何？,8633709205775
10114263582863,如何使用MM Business进行团队协作？,8633709205775
8857363782671, 如何订阅MM独家报告？,8633709205775
8831125506447,专属推荐码在哪里,8633709205775
8676620459791,课程无法播放怎么办？,8633709205775
8676435697295,如何购买课程？,8633709205775
8676392562063,MM独家报告可以看到哪些内容？,8633709205775
8675878942863,数据可以下载吗？,8633709205775
8672344342927,图表好多，该从哪裡开始？,8633709205775
8672308008975,邀请朋友订阅能得到什么？,8633709205775
8672291758607,订阅中的会员，还能用M币兑换订阅效期吗？,8633709205775
8672306761743,M币可以申请退款吗？,8633709205775
8672306049551,M币是什麽？,8633709205775
8672289822607,发票要补打统编要怎麽办？,8633709205775
8672305050127,如何更改统编？,8633709205775
8672303807375,团队方案是什麽？,8633709205775
8672265381519,如何找到付费纪录？,8633709205775
8672116316431,目前提供哪些付款方式？,8633709205775
8672144756239,自动续约订阅的好处与执行？,8633709205775
8672067587727,如何取消订阅？,8633709205775
8658397324431,免费体验方案与自动订阅说明,8633709205775
8658290472463,如何升级或降级订阅方案？,8633709205775
8658163749519,如何修改个人资料？,8633709205775
8657839510159,一个帐号有哪些登入方式？,8633709205775
8657814238735,目前提供哪些方式註册？,8633709205775
9219482255375,如何寻求客服团队协助我的问题,8633709205775
8676621222287,如何找到过去买过的课程？,8633709205775
8676494348303,购买课程后是在哪裡上课？,8633709205775
8676449226639,MM短评是什麽？,8633709205775
8676332796687, MM基本面指数是什么？编制方法？,8633709205775
8672335031823,景气循环是什麽？,8633709205775
8672233671439,订阅时信用卡或 Paypal 有付款成功，但没看到付款纪录怎麽办？,8633709205775
8672145662991,续约前的扣款会有通知吗？,8633709205775
8658301400719,如何将月缴方案转为年缴方案？,8633709205775
8658188679183,成为订阅会员能享有哪些权益？,8633709205775
8658165582351,如何获得最新资讯？,8633709205775
8657965832975,注册帐号后，登入使用是否有装置或IP限制？,8633709205775
8657834468879,註册成一般会员能享有哪些权益？,8633709205775
8865159302287,我是初学者，该如何开始学习宏观经济？,8633709205775
8676656124943,购买课程后，无法观看的原因？,8633709205775
8676547588239,课程是否有时效性？,8633709205775
8676390364175,有想要看的数据，但网站上找不到怎麽办？,8633709205775
8672345772175,如何汇出图表图片？,8633709205775
8672149186447,订阅付款的信用卡到期或挂失怎麽办？,8633709205775
8672121097231,订阅效期还没结束，想提前中断可以吗？,8633709205775
8658316578319,试用时如何取消订阅？,8633709205775
8658291813391,MM PRO 升级 MM Prime 后，会影响正在进行的订阅效期吗？,8633709205775
8658253762575,如何知道目前的订阅方案与效期？,8633709205775
8658195280783,如何更改電子報收件信箱？,8633709205775
8657967777551,忘记帐号或密码该怎麽办？,8633709205775
8657850750479,註册后没收到帐号启用信该怎麽办？,8633709205775
8676699562639,如何取得M平方图片与文章的授权？,8633709205775
8676575917583,购买课程后可以退款吗？,8633709205775
8672263839887,使用信用卡或 Paypal 付款订阅，但付款失败怎麽办？,8633709205775
8672115081999,如何取消自动续订？,8633709205775
8672069740303,订阅时使用信用卡或 Paypal 付款，要怎麽取消订阅？,8633709205775
8658318504463,试用订阅结束后忘记取消被自动扣款，是否能退款？,8633709205775
8658353804559,订阅后无法享有订阅会员的权益原因？,8633709205775
8658297915791,用了两个帐号重複订阅怎麽办？,8633709205775
8658197144079,如何取消电子报信件？,8633709205775
8658043943439,如何更改密码？,8633709205775
11319246359951,如何解除约定信用卡？,8633709205775
8676717847183,有提供 API 服务吗？,8633709205775
8676599264911,如何使用课程兑换码与专属折扣码？,8633709205775
8672332452239,网站图表上的灰底代表什麽？,8633709205775
8658298990863,订阅后就能下载数据吗？,8633709205775
8658187433103,如何变更电子报信件的语系？,8633709205775
8658092199055,如何更改 Email 帐号的登入信箱？,8633709205775
8676660518927,MM全球财经日历是什么？如何获得？,8633709205775
8676618851855,付费订阅后能免费看所有课程吗？,8633709205775
8672348649359,图表上的 L、R 代表什麽？,8633709205775
8672263069967,使用信用卡付款订阅，没收到 3D OTP 验证简讯怎麽办？,8633709205775
8658217627279,终身订阅优惠是什麽？,8633709205775
8658049879439,如何删除帐号？,8633709205775
8676757310095,Podcast 有提供逐字稿吗？,8633709205775
8676677378319,怎么串接《MM全球财经日历》到 Google Calendar 或 Apple Calendar ？,8633709205775
8672334582543,图表上的 SA、NSA、SAAR、YoY、MoM、QoQ、CA 代表什麽？,8633709205775
8672264272527,约定信用卡安全吗？,8633709205775
8658285616911,订阅后还能看到以前的独家报告吗？,8633709205775
11316789012623,如何区分图表来源是来自官方还是用户？,8633709205775
8676778076303,MM用户信心指标是什麽？,8633709205775
8676706237199,Podcast 更新频率？,8633709205775
8658297209871,订阅会员会有装置或 IP 限制吗？,8633709205775
8676775913231,有提供 App 下载吗？,8633709205775
